Unrelated,Unrelated,Unrelated,Unrelated,Unrelated,Video,Filename
Unrelated,Unrelated,Unrelated,Unrelated,Unrelated,example.com/video1,Example-Video1
Unrelated,Unrelated,Unrelated,Unrelated,Unrelated,example.com/video2,Example-Video2
Unrelated,Unrelated,Unrelated,Unrelated,Unrelated,example.com/video3,Example-Video3
Unrelated,Unrelated,Unrelated,Unrelated,Unrelated,example.com/video4,Example-Video4
Unrelated,Unrelated,Unrelated,Unrelated,Unrelated,example.com/video5,Example-Video5
Unrelated,Unrelated,Unrelated,Unrelated,Unrelated,example.com/video6,Example-Video6
Unrelated,Unrelated,Unrelated,Unrelated,Unrelated,example.com/video7,Example-Video7
Unrelated,Unrelated,Unrelated,Unrelated,Unrelated,example.com/video8,Example-Video8
Unrelated,Unrelated,Unrelated,Unrelated,Unrelated,example.com/video9,Example-Video9
Unrelated,Unrelated,Unrelated,Unrelated,Unrelated,example.com/video10,Example-Video10
Unrelated,Unrelated,Unrelated,Unrelated,Unrelated,example.com/video11,Example-Video11
Unrelated,Unrelated,Unrelated,Unrelated,Unrelated,example.com/video12,Example-Video12
Unrelated,Unrelated,Unrelated,Unrelated,Unrelated,example.com/video13,Example-Video13
Unrelated,Unrelated,Unrelated,Unrelated,Unrelated,example.com/video14,Example-Video14
Unrelated,Unrelated,Unrelated,Unrelated,Unrelated,example.com/video15,Example-Video15
Unrelated,Unrelated,Unrelated,Unrelated,Unrelated,example.com/video16,Example-Video16
Unrelated,Unrelated,Unrelated,Unrelated,Unrelated,example.com/video17,Example-Video17
Unrelated,Unrelated,Unrelated,Unrelated,Unrelated,example.com/video18,Example-Video18
Unrelated,Unrelated,Unrelated,Unrelated,Unrelated,example.com/video19,Example-Video19
Unrelated,Unrelated,Unrelated,Unrelated,Unrelated,example.com/video20,Example-Video20
Unrelated,Unrelated,Unrelated,Unrelated,Unrelated,example.com/video21,Example-Video21
Unrelated,Unrelated,Unrelated,Unrelated,Unrelated,example.com/video22,Example-Video22
Unrelated,Unrelated,Unrelated,Unrelated,Unrelated,example.com/video23,Example-Video23
Unrelated,Unrelated,Unrelated,Unrelated,Unrelated,example.com/video24,Example-Video24
Unrelated,Unrelated,Unrelated,Unrelated,Unrelated,example.com/video25,Example-Video25
Unrelated,Unrelated,Unrelated,Unrelated,Unrelated,example.com/video26,Example-Video26
Unrelated,Unrelated,Unrelated,Unrelated,Unrelated,example.com/video27,Example-Video27
Unrelated,Unrelated,Unrelated,Unrelated,Unrelated,example.com/video28,Example-Video28
Unrelated,Unrelated,Unrelated,Unrelated,Unrelated,example.com/video29,Example-Video29
Unrelated,Unrelated,Unrelated,Unrelated,Unrelated,example.com/video30,Example-Video30
Unrelated,Unrelated,Unrelated,Unrelated,Unrelated,example.com/video31,Example-Video31
Unrelated,Unrelated,Unrelated,Unrelated,Unrelated,example.com/video32,Example-Video32
Unrelated,Unrelated,Unrelated,Unrelated,Unrelated,example.com/video33,Example-Video33
Unrelated,Unrelated,Unrelated,Unrelated,Unrelated,example.com/video34,Example-Video34
Unrelated,Unrelated,Unrelated,Unrelated,Unrelated,example.com/video35,Example-Video35
Unrelated,Unrelated,Unrelated,Unrelated,Unrelated,example.com/video36,Example-Video36
Unrelated,Unrelated,Unrelated,Unrelated,Unrelated,example.com/video37,Example-Video37
Unrelated,Unrelated,Unrelated,Unrelated,Unrelated,example.com/video38,Example-Video38
Unrelated,Unrelated,Unrelated,Unrelated,Unrelated,example.com/video39,Example-Video39
Unrelated,Unrelated,Unrelated,Unrelated,Unrelated,example.com/video40,Example-Video40
Unrelated,Unrelated,Unrelated,Unrelated,Unrelated,example.com/video41,Example-Video41